"timestamp","target_grade","assignment_preference","trimester_or_semester","age","tendency_yes_or_no","pay_rent","stall_choice","weetbix_count","weekly_food_spend","living_arrangements","weekly_alcohol","believe_in_aliens","height","commute","daily_anxiety_frequency","weekly_study_hours","work_status","social_media","gender","average_daily_sleep","usual_bedtime","sleep_schedule","sibling_count","allergy_count","diet_style","random_number","favourite_number","favourite_letter","drivers_license","relationship_status","daily_short_video_time","computer_os","steak_preference","dominant_hand","enrolled_unit","weekly_exercise_hours","weekly_paid_work_hours","assignments_on_time","used_r_before","team_role_type","university_year","favourite_anime","fluent_languages","readable_languages","country_of_birth","wam","shoe_size","books_read_highschool","daily_water_intake_l","perceived_old_age","study_music_preference","shoe_size_num"
"2025-08-22 10:37:24.263","d","schedule","semester",23,"yes","no","middle",2,35,"With parent(s) and/or sibling(s)",5,"Yes",160,"Train, Walk",6,21,"Part time","pinterst","F",7,"23:30:00",7,1,1,"Omnivorous",3,3,"k","yes","No",2,"macos","Well done","Right","DATA2002",3,24,"Always","No",7,"Fourth year",NA,2,2,"indonesia",70,9,9,1,62,"Classical, Lofi beats",8
"2025-08-22 10:40:43.262","hd","cram","semester",27,"no","no","first",5,120,"With parent(s) and/or sibling(s)",5,"No",171,"Train",9,5,"I don't currently work","youtube","M",6,"01:00:00",2,0,1,"Omnivorous",10,6,"s","yes","No",0,"linux","Medium-well done","Right","DATA2902",3,0,"Always","Yes",4,"Second year","A Certain Scientific Railgun",1,1,"australia",76,10,60,1.2,50,"Classical, Pop, Rnb/hiphop, Lofi beats, Nothing",9
"2025-08-22 10:41:30.939","hd","schedule","semester",20,"yes","yes","last",0,150,"College or student accomodation",5,"Yes",169,"Walk",3,12,"Casual","instagram","M",7,"12:00:00",9,1,2,"Omnivorous",6,4,"v","yes","Yes",1,"macos","I don't eat beef","Right","DATA2002",10,24,"Always","Yes",10,"Third year",NA,2,2,"india",80.8,9,NA,3,50,"Nothing",8
"2025-08-22 10:43:33.146","hd","immediately","semester",19,"no","no","first",0,50,"College or student accomodation",5,"Yes",178,"Walk",8,3,"Casual","instagram","M",8,"03:00:00",8,1,6,"Omnivorous",7,7,"n","yes","No",4,"macos","Medium-rare","Right","DATA2002",4,3,"Always","No",9,"Second year","Spy x Family",1,2,"new zealand",89,12,25,2,55,"Video game theme music, Lofi beats, Musical Theatre",11
"2025-08-22 10:46:47.124","hd","schedule","semester",21,"no","yes","middle",0,300,"Alone",5,"Yes",189,"Bus, Train",3,40,"I don't currently work","bilibili","M",9,"22:30:00",9,0,0,"Omnivorous",7,7,"q","no","No",0,"macos","Medium-well done","Right","DATA2002",5,0,"Always","Yes",5,"Second year",NA,2,4,"china",77,9.5,NA,2,50,"Classical, Pop, Rnb/hiphop",42.5
"2025-08-22 10:50:20.374","c","cram","semester",20,"no","no","last",2,20,"With parent(s) and/or sibling(s)",5,"Yes",160,"Train",7,12,"Casual","instagram","F",8,"11:00:00",4,2,0,"Omnivorous",4,9,"t","yes","No",3,"windows","Medium","Right","DATA2002",0,6,"Usually","Yes",9,"Third year","One piece",2,1,"australia",50,9,400,0.5,30,"Pop, Video game theme music",8
"2025-08-22 10:53:49.483","hd","immediately","semester",20,"no","no","last",0,200,"With parent(s) and/or sibling(s)",5,"No",173,"Tram",7,22,"I don't currently work","tiktok","Others",9,"01:30:00",3,1,1,"Pescatarian",5,8,"z","yes","No",4,"linux","Medium","Right","DATA2002",8,0,"Always","Yes",10,"Second year",NA,5,2,"china",92,9,26,18,100,"Classical",42
"2025-08-22 10:54:07.407","d","schedule","semester",20,"yes","no","first",2,100,"With parent(s) and/or sibling(s)",5,"Yes",170,"Bus, Train, Tram, Walk",7,30,"I don't currently work","discord","M",8,"10:30:00",8,2,1,"Omnivorous",3,3,"e","yes","No",0.5,"windows","Medium-rare","Right","DATA2002",12,0,"Always","Yes",8,"Third year",NA,1,1,"australia",78.36,11.5,80,0.5,60,"Classical, Pop, Video game theme music",10.5
"2025-08-22 10:55:24.191","hd","immediately","semester",23,"no","yes","last",2,150,"cooperative",5,"No",168,"Car, Walk",9,30,"Casual","instagram","F",9,"21:00:00",6,4,0,"Omnivorous",9,3,"i","yes","Yes",2,"linux","Medium-rare","Right","DATA2902",2,6,"Usually","Yes",7,"Second year",NA,1,2,"australia",78,10,NA,2,70,"Classical, Lofi beats",9
"2025-08-22 10:55:30.535","hd","schedule","semester",22,"yes","yes","first",0,200,"Alone",5,"Yes",159,"Walk",3,20,"I don't currently work","youtube","F",7,"01:00:00",5,1,0,"Omnivorous",3,1,"z","no","No",2,"macos","Medium","Right","DATA2002",10,0,"Sometimes","Yes",6,"Second year","Attack on Titan",2,2,"china",80,3,5,2,99,"Classical, Lofi beats, Nothing",36
"2025-08-22 11:07:28.036","d","immediately","semester",19,"yes","no","last",0,40,"With parent(s) and/or sibling(s)",5,"Yes",167,"Train, Tram, Walk",7,10,"Part time","instagram","M",7,"12:30:00",4,0,0,"Omnivorous",1,6,"r","yes","No",1.5,"windows","Medium-rare","Right","DATA2902",3,3,"Always","Yes",4,"Second year","Attack on Titan",1,2,"australia",80,8,10,3,19,"Pop, Rnb/hiphop, Country, Video game theme music",7
"2025-08-22 11:12:33.848","hd","schedule","semester",19,"no","no","last",2,30,"With parent(s) and/or sibling(s)",5,"Yes",167,"Walk",2,10,"I don't currently work","xiaohongshu","F",8,"20:30:00",5,1,0,"Omnivorous",1,1,"q","yes","No",1,"macos","Medium-well done","Right","DATA2902",3,0,"Always","Yes",7,"Second year","Attack on titannnnn!!!!!!",3,3,"prc",89.5,7,50,0.5,35,"Nothing",40
"2025-08-22 11:13:19.953","hd","immediately","semester",20,"yes","yes","middle",1,100,"With parent(s) and/or sibling(s)",5,"Yes",150,"Walk",8,8,"Casual","tiktok","F",6,"23:30:00",4,1,1,"Omnivorous",3,10,"c","yes","No",3,"macos","Medium","Right","DATA2002",3,18,"Always","Yes",7,"Third year","The Apothecary Diaries",2,2,"indonesia",76,4,50,1,80,"Pop",37
"2025-08-22 11:13:38.218","hd","immediately","semester",19,"yes","no","last",8,25,"With parent(s) and/or sibling(s)",5,"No",184,"Bus, Train",6,6,"I don't currently work","instafram","M",5,"02:00:00",7,1,0,"Omnivorous",2,1,"n","yes","No",4,"windows","Medium-rare","Right","DATA2902",8,0,"Always","Yes",7,"Second year","attack on titan",1,1,"australia",93,15,15,2,50,"Classical, metal, rock, jazz",14
"2025-08-22 11:26:30.250","c","immediately","semester",17,"yes","no","first",1,100,"With parent(s) and/or sibling(s)",5,"Yes",160,"Car, Train",4,40,"Casual","twitter","F",8,"23:45:00",5,0,1,"Omnivorous",10,3,"t","yes","Yes",0.166666666666667,"macos","Medium","Right","DATA2002",4,10,"Always","No",8,"Third year","Lycoris Recoil",2,2,"new zealand",70,13,50,1,60,"Classical, Pop, Video game theme music, Nothing",12
"2025-08-22 11:27:44.729","hd","immediately","semester",20,"yes","yes","first",4,50,"College or student accomodation",5,"Yes",174,"Walk",3,10,"I don't currently work","instagram","M",8,"02:00:00",4,0,0,"Omnivorous",7,8,"n","yes","No",6,"windows","Medium-rare","Right","DATA2902",5,0,"Always","Yes",8,"Second year","Your Lie in April",1,2,"new zealand",86.6,12,5,1,23,"Pop, Rnb/hiphop",11
"2025-08-22 11:41:50.923","d","schedule","semester",20,"yes","yes","last",3,500,"With parent(s) and/or sibling(s)",5,"Yes",183,"Walk",8,6,"I don't currently work","wechat","M",8,"02:00:00",6,1,1,"Omnivorous",6,6,"a","yes","Yes",4,"macos","Medium-well done","Ambidextrous","DATA2002",1.5,0,"Always","Yes",4,"Second year","Bubu and Yi er",4,2,"china",85,11,30,8,70,"Rnb/hiphop",44
"2025-08-22 11:50:20.154","hd","immediately","semester",18,"no","yes","last",5,100,"College or student accomodation",5,"Yes",170,"Bus, Walk",6,50,"I don't currently work","instagram","M",7,"01:00:00",7,0,1,"Omnivorous",6,1,"x","no","No",2,"macos","Medium-rare","Right","DATA2902",4,0,"Always","Yes",7,"Second year",NA,3,3,"indonesia",94,9,30,1.5,50,"Nothing",42
"2025-08-22 12:05:07.593","hd","immediately","semester",20,"yes","yes","middle",1,160,"With parent(s) and/or sibling(s)",5,"No",160,"Train",5,8,"Casual","red note","F",30,"23:30:00",4,0,0,"Omnivorous",7,7,"t","yes","No",3,"macos","Medium-well done","Right","DATA2002",2,6,"Always","Yes",8,"Second year","SAKAMOTO DAYS",2,3,"china",75,7.5,24,1,70,"Pop, Rnb/hiphop, Lofi beats",6.5
"2025-08-22 12:12:13.165","d","cram","semester",20,"yes","yes","middle",0,100,"College or student accomodation",5,"Yes",163,"Bus, Walk",5,15,"I don't currently work","instagram","F",7,"01:00:00",6,2,0,"Omnivorous",5,7,"e","no","Yes",4,"macos","Medium","Right","DATA2902",3,0,"Usually","No",7,"Second year","Haikyu!!",2,3,"vietnam",65,5,10,2,60,"Pop, Rnb/hiphop, Lofi beats",38
"2025-08-22 12:29:06.274","hd","schedule","semester",18,"yes","yes","middle",5,150,"College or student accomodation",15,"Yes",162,"Bus, Car, Walk",6,40,"I don't currently work","instagram","F",5,"02:00:00",4,1,1,"Omnivorous",5,7,"g","no","No",10,"windows","Well done","Right","DATA2002",14,0,"Always","Yes",7,"Second year","I dont watch anime",2,2,"india",75,5.5,20,1,30,"Video game theme music, Lofi beats, Nothing",4
"2025-08-22 12:32:03.228","hd","schedule","semester",20,"yes","yes","middle",0,200,"Share house",5,"No",162,"Bus, Walk",5,30,"I don't currently work","wechat","F",9,"01:00:00",7,3,0,"Omnivorous",6,8,"i","yes","No",3,"macos","Medium-well done","Right","DATA2002",2,0,"Always","Yes",8,"Second year","Doraemon",2,2,"china",78,5,10,1,70,"Classical, Pop, Rnb/hiphop, Country",38
"2025-08-22 12:39:46.210","hd","schedule","semester",21,"no","yes","first",0,210,"Alone",5,"Yes",179,"Bus, Walk",5,21,"Casual","instagram","M",8,"01:00:00",5,2,0,"Omnivorous",4,7,"d","yes","No",3,"windows","Medium-rare","Right","DATA2002",7,0,"Usually","Yes",5,"Third year",NA,2,2,"vietnam",78,5,20,4,30,"Classical, Pop, Rnb/hiphop, Video game theme music, Lofi beats",38
"2025-08-22 12:48:35.241","hd","schedule","semester",21,"yes","yes","first",0,300,"College or student accomodation",15,"Yes",176,"Walk",2,30,"internship","tiktok","M",10,"03:00:00",3,1,0,"Omnivorous",3,6,"j","yes","No",10,"windows","Medium-well done","Right","DATA2002",8,0,"Always","Yes",6,"Second year",NA,2,4,"china",89,10,5,1,28,"Pop, Rnb/hiphop",43
"2025-08-22 13:12:43.204","d","schedule","semester",23,"no","no","first",5,200,"With parent(s) and/or sibling(s)",5,"Yes",175,"Bus, Car, Train",8,10,"Part time","instagram","M",8,"00:01:00",8,1,0,"Omnivorous",4,7,"p","yes","No",2,"macos","Medium-rare","Right","DATA2902",5,24,"Always","Yes",7,"Third year","High School of the Dead",2,1,"australia",70,13,10,2,50,"Country, Lofi beats",12
"2025-08-22 13:20:56.958","hd","schedule","semester",20,"yes","yes","last",3,120,"Share house",10,"No",185,"Car",5,4,"Part time","instagram","M",8.5,"11:00:00",7,1,0,"Omnivorous",10,10,"b","yes","Yes",1,"macos","Medium","Ambidextrous","DATA2002",6,20,"Always","No",10,"Third year","Hunter x Hunter",1,2,"australia",88,12,5,3,75,"Rnb/hiphop",11
"2025-08-22 13:21:59.607","d","immediately","semester",19,"yes","no","first",2,250,"With parent(s) and/or sibling(s)",5,"Yes",159,"Train",3,10,"Part time","instagram","F",7.5,"11:50:00",6,0,0,"Omnivorous",2,7,"l","no","No",1,"macos","Medium-well done","Right","DATA2902",2,7.5,"Always","Yes",7,"First year","JOJO",2,3,"china",85.5,4,17,1.5,82,"Classical, Pop, Rock'n'Roll",37
"2025-08-22 13:24:08.557","hd","schedule","semester",19,"yes","yes","last",5,100,"College or student accomodation",5,"No",174,"Walk",3,80,"I don't currently work","tiktok","M",8,"03:00:00",9,1,0,"Omnivorous",5,5,"d","no","No",6,"windows","Medium","Right","DATA2002",10,0,"Always","Yes",9,"First year","Demon Slayer",2,3,"vietnam",93,13,5,3,25,"Pop, Rnb/hiphop, Lofi beats",46
"2025-08-22 13:29:08.417","hd","immediately","semester",21,"yes","yes","first",0,400,"With partner",5,"No",166,"Bus",6,25,"I don't currently work","i don't have one","F",8,"02:30:00",3,0,1,"Omnivorous",1,5,"m","yes","Yes",4,"macos","Medium-rare","Right","DATA2002",4,0,"Usually","Yes",8,"Second year",NA,2,2,"china",81,4,10,2,65,"Pop, Rnb/hiphop",37
"2025-08-22 13:55:14.831","d","immediately","trimester",18,"no","yes","last",0,10,"Share house",5,"No",180,"Bus, Train",8,36,"I don't currently work","facebook","M",8,"01:30:00",2,1,1,"Omnivorous",5,7,"z","no","No",1,"macos","Medium-well done","Right","DATA2002",0,0,"Always","Yes",9,"Second year","Jellyfish can't swim in the night",2,2,"vietnam",85,15,7,2,40,"Pop, Rnb/hiphop",48
"2025-08-22 14:06:13.575","hd","cram","semester",19,"no","no","last",2,10,"With parent(s) and/or sibling(s)",5,"Yes",179,"Bus, Train, Walk",3,30,"Self employed","instagram","M",8,"02:00:00",1,2,1,"Omnivorous",6,3,"e","yes","No",2,"windows","Medium-rare","Right","DATA2902",3,2.5,"Usually","Yes",5,"Second year",NA,1,1,"australia",82,9,75,1,70,"Video game theme music, Eurobeat, Rock",8
"2025-08-22 14:09:39.910","hd","schedule","semester",20,"yes","yes","first",4,100,"Share house",5,"Yes",180,"Bus, Train",8,40,"I don't currently work","instagram","M",8,"07:30:00",5,1,1,"Omnivorous",5,10,"b","no","No",1,"windows","Medium-rare","Left","DATA2902",5,0,"Usually","Yes",8,"Second year","Black Clover",2,2,"vietnam",87,11,6,2,27,"Pop, Rnb/hiphop, Lofi beats",10
"2025-08-22 14:15:00.359","d","schedule","semester",22,"yes","yes","last",3,500,"With partner",5,"No",173,"Bus, Train",5,10,"Part time","reddit","M",9,"12:00:00",7,1,0,"Omnivorous",3,7,"a","yes","Yes",1,"windows","Medium-rare","Right","DATA2002",1,0,"Usually","Yes",7,"Fourth year","space dandy",2,2,"hong kong",71,8,1,1,40,"Classical, metal",41
"2025-08-22 15:02:33.819","hd","schedule","semester",18,"yes","no","last",2,100,"With parent(s) and/or sibling(s)",5,"No",58,"Bus, Car, Train, Walk",5,30,"Part time","instagram","M",7,"23:00:00",8,0,0,"Vegetarian",8,3,"o","yes","No",2,"macos","I don't eat beef","Right","DATA2902",5,12,"Always","No",8,"Second year","One Piece",1,5,"india",88,13,30,2,60,"Nothing",12
"2025-08-22 15:03:36.415","hd","schedule","semester",24,"yes","no","last",4,70,"With parent(s) and/or sibling(s)",5,"Yes",187,"Bus, Train",7,10,"I don't currently work","discord","M",7.5,"01:00:00",5,1,0,"Pescatarian",4,4,"c","no","Yes",0,"linux","Medium-rare","Right","DATA2002",5,0,"Always","Yes",9,"Third year","one piece",1,1,"australia",75,11.5,100,3,40,"Classical",10.5
"2025-08-22 15:04:34.386","d","schedule","semester",21,"yes","yes","first",3,170,"Share house",5,"Yes",165,"Bus, Train",7,2,"I don't currently work","tiktok","F",2,"23:30:00",5,1,3,"Omnivorous",7,7,"w","no","Yes",4,"macos","Medium-well done","Right","DATA2002",3,0,"Usually","Yes",2,"Second year","One Piece",2,2,"china",68,8,20,1.5,40,"Pop",7
"2025-08-22 15:19:45.269","hd","schedule","semester",18,"yes","no","last",0,250,"With partner",5,"No",164,"Train",7,30,"I don't currently work","tiktok","F",8,"01:00:00",5,1,0,"Omnivorous",6,6,"a","yes","Yes",2,"windows","Medium","Right","DATA2902",4,0,"Always","Yes",6,"Second year","Attack on Titan",2,2,"china",93,5,10,2,70,"Pop",38
"2025-08-22 15:48:58.084","hd","schedule","semester",25,"yes","yes","first",0,100,"Share house",5,"Yes",172,"Bus, Train",1,20,"Casual","instagram","M",7,"23:00:00",8,2,0,"Omnivorous",7,8,"f","no","No",0.5,"windows","Medium-rare","Left","DATA2002",3,16,"Always","Yes",9,"Second year","One piece",3,3,"mongolia",NA,8,10,2,60,"Classical, Pop, Rnb/hiphop, Country, Video game theme music, Lofi beats",41
"2025-08-22 16:02:11.969","hd","schedule","semester",21,"yes","yes","last",0,80,"Share house",5,"Yes",152,"Bus, Train, Walk",7,20,"I don't currently work","instagram","F",5,"01:00:00",5,2,0,"Omnivorous",7,7,"f","yes","No",7,"windows","Medium-rare","Right","DATA2002",10,0,"Always","Yes",8,"Second year",NA,2,2,"malaysia",73,8,25,1.5,28,"Lofi beats, Nothing",7
"2025-08-22 16:05:47.804","c","schedule","semester",22,"yes","yes","last",0,300,"Share house",5,"Yes",182,"Bus",3,7,"I don't currently work","x","M",7,"02:00:00",7,0,0,"Omnivorous",2,6,"g","no","No",2,"windows","Medium-rare","Left","DATA2002",4,0,"Always","Yes",7,"Second year","The idolmaster",3,3,"china",75,11,75,2,55,"Pop, Video game theme music",44
"2025-08-22 16:11:05.452","hd","cram","semester",21,"yes","yes","last",2,200,"With partner",5,"Yes",181,"I never travel to campus",3,10,"I don't currently work","ins","M",7,"06:00:00",6,1,0,"Omnivorous",5,5,"c","yes","Yes",10,"macos","Medium-well done","Right","DATA2002",2,0,"Always","Yes",8,"Second year","attack on titan",2,2,"japan",85,10,10,5,18,"Pop",43
"2025-08-22 16:14:55.384","hd","immediately","semester",20,"yes","yes","middle",0,200,"College or student accomodation",5,"Yes",166,"Walk",6,60,"Casual","/","F",8,"00:30:00",8,0,2,"Omnivorous",6,7,"m","yes","No",0.25,"macos","Medium","Right","DATA2902",30,3,"Usually","Yes",7,"Second year",NA,2,3,"china",86,7.5,NA,0.6,70,"Nothing",6.5
"2025-08-22 16:56:31.647","hd","schedule","semester",19,"no","no","first",4,10,"With parent(s) and/or sibling(s)",5,"Yes",180,"Train, Walk",7,35,"I don't currently work","youtube","M",8,"10:00:00",8,1,0,"Omnivorous",1,9,"m","yes","No",1,"macos","Medium","Left","DATA2902",5,0,"Always","Yes",7,"Second year",NA,1,1,"australia",76,11,15,2.5,50,"Nothing",10
"2025-08-22 17:54:05.673","hd","cram","semester",20,"yes","yes","last",1,200,"College or student accomodation",5,"Yes",160,"Walk",4,30,"I don't currently work","xhs","F",8,"00:30:00",6,0,1,"Omnivorous",5,8,"c","no","No",3,"macos","Medium-well done","Right","DATA2002",2,0,"Always","Yes",5,"Third year","Luoxiaohei",2,2,"china",75,3,30,0.6,70,"Pop, Rnb/hiphop",36
"2025-08-22 20:45:17.280","hd","schedule","semester",20,"yes","yes","middle",0,300,"Share house",5,"No",155,"Bus",5,25,"I don't currently work","instagram","F",6,"12:00:00",4,1,2,"Omnivorous",5,6,"j","yes","No",3,"macos","Medium","Left","DATA2002",0,0,"Always","Yes",6,"Second year",NA,2,2,"china",72,3,5,1,50,"Classical",36
"2025-08-22 22:56:48.450","hd","immediately","semester",19,"yes","no","middle",12,110,"With parent(s) and/or sibling(s)",5,"Yes",184,"Bicycle",2,6,"Casual","youtube","Others",8,"00:30:00",8,1,2,"Omnivorous",5,8,"x","no","Yes",1,"windows","Medium-rare","Right","DATA2902",4,2,"Always","Yes",10,"Second year","Spirited Away",2,3,"australia",90.6,13.5,8,1,70,"Nothing",46.5
"2025-08-22 23:27:46.033","d","immediately","semester",20,"yes","yes","first",0,400,"Alone",5,"Yes",182,"Walk",5,12,"Part time","ins","M",10,"02:00:00",8,0,1,"Omnivorous",7,3,"a","yes","Yes",1,"linux","Medium-rare","Right","DATA2002",6,0,"Always","No",8,"Second year","re：life",3,4,"china",78,12,100,1.2,33,"Pop, Rnb/hiphop",45
"2025-08-23 02:42:59.044","hd","cram","semester",19,"yes","yes","last",1,50,"Share house",5,"Yes",168,"Car, Walk",2,28,"I don't currently work","facebook","F",6,"02:00:00",3,0,0,"Omnivorous",9,1,"a","yes","No",2,"windows","Medium-well done","Right","DATA2902",2,2,"Usually","Yes",8,"Second year","Doraemon",2,2,"vietnam",87.75,7,200,2,80,"Classical, Pop, Rnb/hiphop",40
"2025-08-23 09:53:22.472","p","cram","semester",22,"yes","yes","middle",0,140,"Alone",5,"Yes",181,"Walk",8,10,"I don't currently work","tiktok","M",6,"02:00:00",3,1,0,"Omnivorous",5,8,"a","yes","No",2,"macos","I don't eat beef","Right","DATA2002",0,0,"Usually","Yes",3,"Third year",NA,2,2,"china",72,9,100,1,40,"Nothing",42
"2025-08-23 10:15:36.630","c","immediately","semester",20,"yes","yes","last",0,100,"Share house",5,"Yes",168,"Walk",6,10,"I don't currently work","instagram","F",8,"00:30:00",6,1,2,"Omnivorous",7,7,"a","yes","No",2,"macos","Medium-rare","Right","DATA2002",4,0,"Always","No",4,"Second year","jojo",2,3,"china",70,5,20,2,60,"Classical, Pop, Rnb/hiphop, Country",38
"2025-08-23 10:16:14.695","d","schedule","semester",19,"yes","no","last",4,60,"With parent(s) and/or sibling(s)",5,"No",165,"Car, Train, Walk",3,20,"Part time","instagram","F",8,"23:00:00",9,2,0,"Omnivorous",2,2,"z","yes","No",0.75,"macos","Medium","Right","DATA2902",3,16,"Always","Yes",9,"Second year","studio ghibli",3,2,"australia",79,9.5,8,1.5,40,"Classical, Rnb/hiphop, Lofi beats",8.5
"2025-08-23 12:51:55.929","hd","schedule","semester",20,"no","yes","last",0,300,"Share house",5,"No",175,"Bus, Train",3,40,"I don't currently work","tiktok","M",7,"02:00:00",7,0,0,"Omnivorous",8,5,"c","yes","No",0.5,"windows","Medium","Right","DATA2002",8,0,"Usually","Yes",9,"Second year","Howl's Moving Castle",3,3,"china",75,10,50,3,30,"Classical, Pop, Lofi beats",43
"2025-08-23 13:20:14.690","hd","schedule","semester",20,"yes","no","last",0,100,"With parent(s) and/or sibling(s)",10,"Yes",163,"Bus, Car, metro, Train, Walk",6,30,"Casual","tiktok","F",8,"02:00:00",4,1,0,"Omnivorous",6,8,"n","yes","Yes",4,"macos","Medium-rare","Right","DATA2002",3,10,"Always","Yes",8,"Second year",NA,2,2,"china",65,4,10,0.5,60,"Pop, Rnb/hiphop",37
"2025-08-23 14:53:23.065","hd","immediately","semester",21,"no","no","middle",4,15,"With parent(s) and/or sibling(s)",5,"No",176,"Car, Train, Walk",4,20,"Casual","instagram","M",7,"01:00:00",6,1,0,"Omnivorous",8,8,"s","yes","Yes",4,"linux","Medium-rare","Right","DATA2902",12,20,"Usually","Yes",7,"Fourth year","One Piece",1,1,"australia",78,10,20,3,50,"Pop, Hardstyle",9
"2025-08-23 15:12:16.436","hd","schedule","semester",20,"yes","yes","last",2,500,"Alone",5,"Yes",188,"Bus",10,30,"I don't currently work","wechat","M",7,"23:00:00",7,0,1,"Omnivorous",7,7,"a","yes","No",3,"macos","Medium-well done","Right","DATA2002",3,0,"Always","Yes",7,"Second year",NA,2,3,"china",75,11,8,1.5,60,"Classical, Rnb/hiphop",44
"2025-08-23 15:56:33.607","c","schedule","semester",19,"yes","yes","last",4,400,"Share house",5,"Yes",185,"Bus, Train",3,30,"Casual","tiktok","M",9,"01:00:00",7,1,0,"Pescatarian",7,7,"z","no","No",8,"windows","Medium","Right","DATA2002",21,10,"Usually","Yes",7,"Second year","JOJO",2,2,"china",70,10,30,1.5,60,"Pop, Country, Video game theme music",43
"2025-08-23 16:07:18.255","hd","immediately","semester",21,"yes","yes","last",0,300,"With parent(s) and/or sibling(s)",5,"Yes",163,"Bus, Train",8,36,"I don't currently work","wechat","F",8,"11:30:00",5,1,0,"Omnivorous",5,6,"f","yes","No",12,"windows","Medium-well done","Left","DATA2002",8,0,"Always","Yes",9,"Third year","Nineveh",3,3,"china",83,8.5,12,1,50,"Video game theme music, Lofi beats",7.5
"2025-08-23 16:12:21.175","hd","immediately","semester",26,"yes","yes","last",2,200,"With partner",5,"Yes",195,"Bus, Ferry, Train, Walk",1,10,"Part time","discord","M",7,"23:00:00",2,2,0,"Omnivorous",6,9,"e","yes","Yes",NA,"linux","Medium-rare","Right","DATA2902",3,30,"Always","Yes",10,"Second year","One Punch Man",1,1,"australia",87,15,100,NA,NA,"Pop, Rnb/hiphop, Lofi beats",14
"2025-08-23 16:19:37.055","hd","immediately","semester",19,"yes","yes","last",2,5,"With parent(s) and/or sibling(s)",5,"No",166,"Bus, Car, Train, Walk",7,28,"Part time","nan","F",8,"12:00:00",7,1,2,"Omnivorous",7,7,"c","yes","No",3,"windows","Medium-rare","Right","DATA2002",2,6,"Always","Yes",8,"Second year","Spy x family",4,2,"australia",76,8,10,1.5,50,"Classical, Rnb/hiphop",7
"2025-08-23 16:21:16.009","hd","schedule","semester",19,"yes","no","last",1,85,"With parent(s) and/or sibling(s)",5,"Yes",180.34,"Train, Walk",4,12,"Casual","linkedin","M",5,"12:00:00",5,1,0,"Omnivorous",6,10,"r","yes","No",1,"macos","Medium-well done","Right","DATA2902",3,7,"Always","Yes",10,"First year","Stitch",2,2,"sri lanka",76.3,14,23,3,60,"Classical, Pop, Country, Lofi beats",13
"2025-08-23 16:56:53.418","hd","immediately","semester",19,"no","yes","last",0,80,"Alone",5,"Yes",170,"Bus, Walk",8,2,"I don't currently work","instagram","M",8,"11:00:00",9,1,0,"Omnivorous",2,7,"s","no","No",4,"macos","Medium-rare","Right","DATA2002",2,0,"Usually","Yes",8,"Second year",NA,3,3,"india",86,9,6,2,30,"Pop, Rnb/hiphop, Video game theme music, Lofi beats",42
"2025-08-23 17:42:19.088","d","cram","semester",21,"yes","no","last",0,100,"With parent(s) and/or sibling(s)",5,"Yes",140,"Bus, Train",3,23,"I don't currently work","instagram","F",8,"01:00:00",7,2,0,"Vegetarian",1,1,"a","no","Yes",2,"macos","I don't eat beef","Right","DATA2002",6,0,"Usually","No",7,"Third year",NA,2,2,"india",60,5.5,10,2,70,"Lofi beats",4
"2025-08-23 19:20:03.510","hd","cram","semester",20,"no","no","last",0,142.26,"With parent(s) and/or sibling(s)",5,"Yes",173,"Bus, I never travel to campus, Train, Walk",5,5,"I don't currently work","xhs","M",7,"03:00:00",5,1.5,0,"Omnivorous",5,6,"i","no","No",5,"macos","Well done","Right","DATA2902",10,0,"Sometimes","Yes",5,"Second year","Attack on Titan",1,1,"australia",86.7,8.5,10,0.3,25,"Pop, Video game theme music, Lofi beats",7.5
"2025-08-23 19:33:08.186","hd","schedule","semester",20,"yes","no","last",0,30,"College or student accomodation",5,"Yes",168,"Walk",7,4,"I don't currently work","youtube","M",8,"22:50:00",9,1,0,"Omnivorous",3,7,"m","no","No",3,"windows","Well done","Right","DATA2002",6,0,"Usually","Yes",2,"Second year","One piece",1,2,"mongolia",76,9.5,0,2,72,"Classical, Pop, Country",42.5
"2025-08-23 20:06:53.299","p","schedule","semester",19,"yes","no","middle",3,15,"With parent(s) and/or sibling(s)",5,"No",167,"Bus",4,3,"Self employed","instagram","F",7,"02:30:00",6,3,0,"Omnivorous",6,10,"g","yes","No",2,"macos","Medium-rare","Right","DATA2902",2,6,"Always","Yes",6,"Second year",NA,1,1,"hong kong",70,11,3,4,40,"Nothing",10
"2025-08-23 21:30:41.385","hd","schedule","semester",19,"yes","yes","first",2,250,"Alone",5,"Yes",176,"Bus, Car, Train, Walk",8,6,"Part time","instagram","M",7,"02:30:00",5,1,0,"Omnivorous",6,6,"t","no","Yes",6,"macos","Medium-rare","Right","DATA2002",4,10,"Always","Yes",7,"Second year","Slam dunk",2,2,"thailand",81,11,3,1,25,"Pop, Rnb/hiphop, Country",10
"2025-08-23 22:22:57.080","hd","schedule","semester",20,"no","no","middle",0,180,"With parent(s) and/or sibling(s)",5,"No",165,"Bus, Train",7,4,"I don't currently work","youtube","F",7,"01:00:00",5,2,0,"Omnivorous",8,2,"y","yes","Yes",4,"macos","Medium","Right","DATA2002",3,0,"Usually","Yes",6,"Second year","Studio Ghibli",2,3,"malaysia",76,6,5,1.5,60,"Nothing",39
"2025-08-24 05:25:55.930","d","cram","semester",20,"no","yes","last",0,200,"Alone",5,"No",180,"Bus, Walk",6,24,"I don't currently work","instagram","M",8,"05:00:00",2,2,0,"Omnivorous",5,7,"z","yes","No",6,"windows","Medium","Right","DATA2002",0,0,"Always","Yes",5,"Second year","やはり俺の青春ラブコメはまちがっている",2,2,"china",70,11,15,0.7,60,"Pop, Video game theme music, Anime Music",44
"2025-08-24 08:03:19.150","hd","immediately","semester",22,"no","yes","last",0,250,"Share house",5,"Yes",183,"Walk",10,20,"I don't currently work","x","M",10,"07:00:00",2,1,0,"Omnivorous",6,10,"q","no","No",5,"windows","Medium","Right","DATA2002",3,0,"Always","No",10,"Third year","kiki’s delivery service",2,2,"china",87,10,10,0.5,40,"Video game theme music, Nothing",43
"2025-08-24 11:15:58.713","hd","schedule","semester",19,"yes","yes","middle",4,150,"Alone",5,"Yes",180,"Train",7,40,"Finance Trading","youtube","M",8,"12:30:00",7,0,2,"Omnivorous",9,8,"e","yes","No",3,"macos","Well done","Right","DATA2002",5,0,"Always","Yes",6,"Second year",NA,2,3,"china",75,13,15,3,60,"Pop, Rnb/hiphop, Video game theme music",46
"2025-08-24 11:44:13.258","hd","schedule","semester",20,"yes","yes","first",2,100,"Share house",5,"Yes",162,"Train, Walk",3,16,"Part time","instagram","F",8,"22:00:00",9,3,1,"Omnivorous",6,10,"a","no","No",45,"macos","Medium-well done","Right","DATA2002",6,16,"Always","Yes",10,"Third year","Demon Slayers",2,2,"viet nam",76,5,20,1.5,35,"Classical",38
"2025-08-24 12:44:19.710","c","immediately","semester",20,"yes","yes","last",1,350,"Share house",5,"Yes",173,"Walk",8,14,"I don't currently work","wechat","M",4,"02:00:00",6,1,0,"Omnivorous",8,8,"a","no","No",1,"windows","Medium-well done","Right","DATA2002",4,2,"Usually","Yes",4,"Second year","one piece",2,2,"china",NA,9,103,2,30,"Classical",42
"2025-08-24 13:54:30.193","hd","schedule","semester",20,"yes","yes","last",2,400,"Share house",15,"Yes",190,"Bus, Walk",3,60,"Part time","wechat","M",7.5,"11:30:00",8,0,2,"Omnivorous",8,8,"x","no","No",0,"macos","Medium","Right","DATA2002",12,12,"Always","Yes",9,"Second year","Attack on Titan",1,2,"china",80,10,30,2,40,"Rnb/hiphop",9
"2025-08-24 14:28:45.671","d","cram","semester",20,"yes","yes","last",0,300,"College or student accomodation",10,"Yes",170,"Bus",4,10,"I don't currently work","instagram","F",7,"11:00:00",7,1,0,"Omnivorous",2,5,"b","no","Yes",1.5,"macos","Rare","Right","DATA2002",4,0,"Usually","No",9,"Third year",NA,2,2,"france",94,7,15,1,80,"House",40
"2025-08-24 15:16:00.184","d","cram","semester",20,"yes","yes","last",0,500,"Alone",5,"Yes",183,"Train, Walk",6,40,"I don't currently work","wechat","M",10,"02:00:00",7,0,2,"Omnivorous",8,8,"a","yes","Yes",3,"macos","Medium-well done","Right","DATA2002",3,0,"Always","Yes",8,"Second year",NA,2,3,"china",60,9,10,3,40,"Nothing",42
"2025-08-24 15:33:47.078","hd","schedule","semester",21,"yes","yes","middle",3,210,"Share house",5,"Yes",175,"Walk",3,36,"Contractor","bilibili","M",7,"23:30:00",8,1,1,"Omnivorous",8,8,"e","yes","No",0,"windows","Medium","Right","DATA2002",9,2,"Always","Yes",7,"Second year",NA,3,3,"china",70,9,20,1,25,"Classical, Pop",42
"2025-08-24 15:54:46.394","p","immediately","trimester",21,"no","yes","middle",4,150,"Alone",5,"Yes",180,"Train",8,10,"I don't currently work","qq","M",5,"03:00:00",3,5,0,"Omnivorous",2,5,"x","no","No",0,"windows","Well done","Left","DATA2002",2,0,"Always","No",3,"First year","Merchant meat spice wolf",1,2,"china",70,10,15,1,35,"Video game theme music",43
"2025-08-24 16:03:07.428","hd","schedule","semester",19,"yes","no","middle",0,10,"With parent(s) and/or sibling(s)",5,"Yes",162,"Car",6,45,"Casual","tumblr","F",8,"22:15:00",6,0,1,"Omnivorous",7,7,"c","yes","No",0,"windows","Well done","Right","DATA2002",6,0,"Always","Yes",10,"Second year","Pokemon",2,2,"china",81.8,4,400,2,28,"Pop, Video game theme music, Lofi beats, Electronic",37
"2025-08-24 16:11:31.914","d","schedule","semester",20,"yes","no","last",6,150,"With parent(s) and/or sibling(s)",20,"Yes",173,"Bus",5,15,"Casual","instagram","M",8,"01:00:00",3,1,0,"Omnivorous",2,1,"o","yes","No",2.5,"windows","Medium-rare","Right","DATA2002",4,15,"Always","Yes",5,"Second year","DanDaDan",1,1,"australia",86.2,10.5,10,1.5,35,"Pop, indie/folk",9.5
"2025-08-24 16:30:32.913","hd","schedule","semester",20,"no","yes","last",1,80,"College or student accomodation",5,"Yes",171,"Walk",7,3,"I don't currently work","tiktok","M",9,"03:00:00",8,1,0,"Omnivorous",1,1,"s","no","Yes",3,"macos","I don't eat beef","Right","DATA2002",8,0,"Always","Yes",9,"Second year","Jujutsu Kaisen",2,3,"india",75,11,10,2,50,"Brown noise",10
"2025-08-24 16:31:10.341","d","schedule","semester",19,"no","no","last",4,200,"With parent(s) and/or sibling(s)",5,"Yes",167,"Bus",2,6,"I don't currently work","instagram","F",8,"01:00:00",7,0,1,"Omnivorous",9,9,"a","no","No",6,"macos","Medium-well done","Right","DATA2002",1,0,"Sometimes","Yes",4,"Second year","attack on titan",2,3,"china",70,13,5,1.5,100,"Pop, Rnb/hiphop",12
"2025-08-24 16:46:58.336","hd","cram","semester",21,"yes","no","first",4,200,"With partner",20,"Yes",192,"Train, Walk",5,30,"Casual","nan","M",6,"01:00:00",4,1,2,"Omnivorous",1,8,"v","yes","Yes",1,"windows","Medium-rare","Right","DATA2002",0,32,"Always","No",8,"Second year","Vinland Saga",1,1,"australia",75,14,20,3,60,"Classical, Country, Lofi beats",13
"2025-08-24 17:57:21.352","hd","schedule","semester",20,"yes","yes","middle",1,150,"Share house",5,"Yes",169,"Walk",5,50,"I don't currently work","facebook","M",6,"01:00:00",3,1,0,"Omnivorous",7,8,"h","no","No",2,"windows","Medium-rare","Right","DATA2002",4,0,"Always","Yes",8,"Third year","One Piece",2,2,"vietnam",80,13,10,1,50,"Rnb/hiphop",12
"2025-08-24 18:42:16.644","hd","schedule","semester",20,"yes","yes","first",2,200,"College or student accomodation",5,"Yes",163,"Walk",10,20,"I don't currently work","instagram","F",6,"00:30:00",1,1,0,"Omnivorous",4,6,"c","no","No",0,"windows","Medium-well done","Right","DATA2002",1,0,"Always","Yes",6,"Second year",NA,2,2,"china",80,8,20,0.5,40,"Classical, Lofi beats",7
"2025-08-24 19:17:39.217","hd","immediately","semester",21,"no","yes","first",0,100,"College or student accomodation",5,"No",175,"Bus",5,48,"Volunteer","youtube","M",6,"19:00:00",5,2,0,"Omnivorous",4,7,"r","yes","No",1.5,"macos","Medium-rare","Right","DATA2002",2,0,"Always","Yes",9,"Second year",NA,3,3,"vietnam",76,14,6,1.5,35,"Classical",13
"2025-08-24 20:17:24.514","hd","cram","semester",19,"yes","no","last",0,50,"College or student accomodation",5,"Yes",168,"Walk",4,30,"I don't currently work","instagram","F",6,"02:00:00",5,2,4,"Omnivorous",2,2,"a","no","Yes",6,"macos","Well done","Right","DATA2002",3,0,"Always","Yes",7,"Second year",NA,2,3,"mongolia",55,5.5,10,2,80,"Nothing",38.5
"2025-08-24 20:26:44.774","hd","schedule","semester",19,"yes","yes","middle",0,50,"Alone",5,"Yes",178,"Walk",7,20,"I don't currently work","tiktok","M",8,"23:00:00",8,1,2,"Omnivorous",8,8,"a","yes","No",2,"macos","Well done","Ambidextrous","DATA2002",5,0,"Always","No",7,"Second year",NA,2,2,"china",58,4,10,3,65,"Classical, Pop",37
"2025-08-24 21:19:18.742","d","immediately","semester",23,"no","yes","last",0,150,"With parent(s) and/or sibling(s)",5,"Yes",171,"Car",5,24,"Part time","rednote","M",9,"22:00:00",9,1,0,"Omnivorous",6,6,"z","yes","No",2,"macos","Medium","Right","DATA2002",1,24,"Usually","Yes",5,"Third year",NA,2,3,"china",64,9,15,2,69,"Rnb/hiphop, Nothing",8
"2025-08-24 22:36:11.994","d","schedule","semester",21,"yes","no","middle",1,250,"With parent(s) and/or sibling(s)",5,"Yes",165,"Train",4,12,"Part time","ins","F",8.5,"10:30:00",9,3,0,"Omnivorous",7,7,"l","yes","No",3,"macos","Medium-well done","Right","DATA2002",3,23,"Always","Yes",8,"Third year",NA,2,2,"china",NA,4,10,1,30,"Classical, Pop, Country",37
"2025-08-25 00:13:19.058","hd","cram","semester",19,"yes","yes","first",3,100,"College or student accomodation",5,"Yes",179,"Walk",7,15,"I don't currently work","discord","F",6,"09:00:00",4,1,0,"Omnivorous",4,2,"o","yes","No",0,"macos","Medium-rare","Left","DATA2002",4,0,"Usually","Yes",8,"Second year","Haikyu!!",2,2,"united states",76,10.5,8,2,90,"Pop",9.5
"2025-08-25 00:40:48.418","hd","cram","semester",20,"yes","no","last",2.5,50,"With parent(s) and/or sibling(s)",5,"Yes",170,"Bus, Car, Train",6,15,"Part time","tiktok","F",10,"12:00:00",3,3,0,"Omnivorous",2,1,"z","yes","No",1,"macos","Medium","Ambidextrous","DATA2002",4,14,"Usually","Yes",8,"Second year",NA,3,3,"pakistan",77.5,8,100,2,36,"Pop, Rnb/hiphop, Indie",7
"2025-08-25 10:11:40.966","hd","schedule","semester",19,"no","yes","last",4,50,"Alone",5,"No",150,"Train, Walk",7,20,"Part time","reddit","M",7,"21:00:00",6,1,0,"Omnivorous",4,5,"a","no","No",2,"windows","Medium-well done","Right","DATA2002",5,9,"Usually","Yes",5,"Second year","Apothecary Diaries",2,2,"bangladesh",84,13,20,2,45,"Pop, Video game theme music",12
"2025-08-25 11:27:08.446","d","schedule","semester",19,"yes","no","first",3,30,"With parent(s) and/or sibling(s)",5,"No",165,"Bus, Train, Walk",4,9,"Part time","instagram","F",7,"12:00:00",4,3,0,"Omnivorous",8,8,"m","no","No",3,"windows","Medium-well done","Right","DATA2002",4,15,"Usually","Yes",8,"Second year","Don’t watch anime",2,2,"australia",74.9,9,50,2,30,"Rnb/hiphop",8
"2025-08-25 11:34:45.394","d","schedule","semester",20,"yes","yes","middle",0,200,"Share house",5,"Yes",178,"Train",5,10,"Part time","ig","M",8,"01:00:00",8,1,0,"Omnivorous",10,10,"a","no","Yes",2,"macos","Medium-rare","Right","DATA2002",5,5,"Always","Yes",8,"Third year","AOT",2,3,"taiwan",73,9.5,100,1,50,"Nothing",8.5
"2025-08-25 11:36:14.680","hd","schedule","semester",19,"yes","no","last",0,150,"With parent(s) and/or sibling(s)",5,"Yes",179,"Train",5,10,"Casual","instagram","M",6,"01:00:00",3,1,1,"Omnivorous",7,7,"p","yes","Yes",4,"windows","Medium-well done","Right","DATA2002",10,13,"Always","No",7,"Second year",NA,1,2,"malaysia",70,11.5,1,1.5,35,"Rnb/hiphop",10.5
"2025-08-25 11:38:16.379","hd","schedule","semester",19,"yes","no","first",2,70,"With parent(s) and/or sibling(s)",5,"Yes",168,"Bus, Train, Walk",4,4,"Casual","insta","F",8,"23:00:00",8,0,1,"Omnivorous",8,8,"j","yes","No",1,"macos","Medium-rare","Right","DATA2002",6,3,"Always","Yes",8,"Second year","haikyuu",2,1,"australia",85,10,60,4,40,"Pop, Lofi beats",9
"2025-08-25 11:40:16.694","d","cram","semester",21,"yes","yes","last",3,200,"Alone",5,"Yes",171,"Bus",6,20,"I don't currently work","rednote","F",7,"03:00:00",3,0,0,"Omnivorous",8,7,"q","yes","No",4,"macos","Medium-rare","Right","DATA2002",2,0,"Usually","Yes",7,"First year","DK",2,2,"china",65,4,30,2,60,"Classical",37
"2025-08-25 12:19:26.059","f","immediately","semester",20,"yes","yes","last",0,400,"College or student accomodation",5,"Yes",170,"Bus, Car, Walk",10,10,"Casual","rednote","F",8,"23:30:00",3,0,5,"Omnivorous",7,5,"m","yes","Yes",4,"macos","Medium-well done","Right","DATA2002",2,3,"Usually","Yes",5,"Fourth year","The Disastrous Life of Saiki K.",1,2,"china",66,5,10,0.8,100,"Nothing",38
"2025-08-25 12:20:49.406","c","immediately","semester",18,"yes","yes","first",0,50,"Alone",5,"No",162,"Walk",4,35,"Casual","tumblr","F",9,"22:30:00",9,0,3,"Vegetarian",9,9,"f","yes","Yes",0,"dell","I don't eat beef","Right","DATA2902",4,15,"Always","Yes",10,"Second year",NA,1,2,"the united states of america",70,9,150,2,80,"Classical, Pop, Rnb/hiphop, Video game theme music",8
"2025-08-25 12:22:56.706","c","schedule","semester",19,"yes","no","last",4,100,"With parent(s) and/or sibling(s)",5,"Yes",159,"Bus, Train, Walk",4,8,"Casual","instagram","F",8,"10:00:00",8,1,1,"Omnivorous",3,3,"m","yes","Yes",1,"macos","Medium","Right","DATA2902",8,12,"Always","Yes",10,"Second year",NA,1,2,"australia",70,11,100,4,80,"Pop",10
"2025-08-25 12:23:18.582","d","schedule","semester",19,"no","no","first",3,100,"With parent(s) and/or sibling(s)",5,"Yes",167,"Bus",2,15,"Casual","tiktok","F",7,"23:30:00",8,1,1,"Pescatarian",4,2,"s","no","No",2,"windows","I don't eat beef","Right","DATA2902",5,10,"Always","Yes",8,"Second year","spirited away",1,1,"australia",70,4,NA,1.5,60,"Pop, Nothing",37
"2025-08-25 13:06:14.652","d","cram","semester",21,"yes","yes","middle",0,1000,"With partner",20,"No",178,"Train",5,48,"I don't currently work","tiktok","M",8,"02:00:00",8,1,0,"Pescatarian",5,6,"a","no","No",5,"macos","Rare","Right","DATA2002",10,0,"Always","Yes",8,"Second year","Demon Slayer",2,2,"china",76,9,10,2,70,"Classical, Pop, Video game theme music",42
"2025-08-25 13:22:00.668","hd","schedule","semester",18,"yes","yes","first",1,300,"Alone",5,"No",162,"Bus, Walk",6,25,"I don't currently work","tiktok","F",6,"02:00:00",3,1,2,"Omnivorous",7,7,"m","yes","No",4,"macos","Medium","Right","DATA2902",4,0,"Always","Yes",5,"Second year","studio ghibli",2,3,"indonesia",76,4,5,2,50,"Classical, Pop",37
"2025-08-25 13:24:06.758","hd","immediately","semester",19,"yes","yes","last",2,500,"Share house",5,"Yes",180,"Car",6,24,"Self employed","instragram","M",10,"23:50:00",10,3,3,"Omnivorous",2,8,"a","yes","No",8,"macos","Medium","Right","DATA2902",10,0,"Always","Yes",10,"First year","dragon ball z",4,3,"indonesia",NA,13,25,2,75,"Classical, Pop, Video game theme music",46
"2025-08-25 14:04:56.769","hd","schedule","semester",19,"yes","yes","first",0,140,"Alone",5,"Yes",172,"bike",3,42,"Casual","youtube","M",7,"12:00:00",8,0,0,"Omnivorous",8,8,"b","yes","No",1,"windows","Well done","Right","DATA2002",4,10,"Always","Yes",8,"Second year","Romance between the three countries",2,2,"china",70,9,10,2,70,"Classical",42
"2025-08-25 14:35:28.468","d","immediately","semester",22,"yes","no","last",4,150,"Alone",20,"Yes",180,"Bus, Walk",10,0,"Part time","instagram","M",6,"04:00:00",1,1,0,"Omnivorous",9,7,"z","yes","No",12,"windows","Medium-rare","Right","DATA2002",12,20,"Always","No",9,"Fourth year","K-on!",3,4,"new zealand",79,13,200,2,25,"RAP",12
"2025-08-25 14:36:57.857","hd","cram","semester",21,"no","no","last",2,150,"With parent(s) and/or sibling(s)",5,"Yes",165,"Bus, Train, Walk",8,3,"Contractor","discord","F",6,"04:00:00",2,0,0,"Omnivorous",4,8,"k","yes","Yes",0.833333333333333,"windows","Medium","Right","DATA2902",1,1.5,"Usually","No",6,"Fourth year","Frieren",3,3,"china",77,9,30,1,37,"Pop, Video game theme music, Lofi beats, Jpop/Kpop",8
"2025-08-25 14:41:30.464","c","schedule","semester",20,"yes","yes","middle",1,300,"Alone",5,"No",177,"Bus",8,15,"I don't currently work","instagram","M",7,"01:00:00",3,2,1,"Omnivorous",6,6,"a","no","No",3,"macos","Medium-well done","Right","DATA2002",10,0,"Always","Yes",6,"Second year",NA,2,2,"taiwan",65,10,10,1,25,"Rnb/hiphop",9
"2025-08-25 14:42:04.769","hd","schedule","semester",20,"yes","no","middle",0,300,"Alone",5,"Yes",170,"Car, Walk",2,30,"Casual","instagram","F",7,"01:00:00",8,0,0,"Omnivorous",2,5,"a","yes","No",1,"macos","Medium-rare","Right","DATA2002",10,6,"Always","No",10,"Third year","Sword Art Online",3,3,"china",90,3,5,1.5,55,"Pop, Rnb/hiphop, Video game theme music",36
"2025-08-25 14:42:44.875","d","immediately","semester",21,"yes","yes","middle",0,250,"Alone",5,"Yes",178,"Bus",8,25,"I don't currently work","instagram","M",6,"23:30:00",6,1,0,"Omnivorous",4,8,"s","yes","Yes",2,"macos","Medium","Right","DATA2002",7,0,"Always","Yes",8,"Second year",NA,2,2,"china",66,10,20,1,60,"Pop, Rnb/hiphop",9
"2025-08-25 14:43:33.233","hd","immediately","semester",21,"no","yes","last",0,500,"Alone",5,"Yes",180,"Walk",3,20,"I don't currently work","tiktok","M",8,"11:00:00",7,1,0,"Omnivorous",7,7,"a","yes","No",5,"windows","Medium-well done","Right","DATA2002",5,0,"Always","Yes",7,"First year",NA,2,2,"china",86,11,10,1,40,"Pop",44
"2025-08-25 14:43:57.048","hd","cram","semester",20,"yes","no","last",0,70,"With parent(s) and/or sibling(s)",5,"Yes",185,"Walk",7,15,"I don't currently work","instagram","M",7,"01:30:00",2,1,1,"Omnivorous",3,3,"v","no","Yes",1.5,"windows","Medium-well done","Right","DATA2002",1,0,"Usually","No",7,"Second year","Frieren",2,2,"australia",88,15,12,3.5,40,"Classical, Pop, Rnb/hiphop, Country, Video game theme music, Lofi beats",14
"2025-08-25 15:06:35.748","d","immediately","semester",19,"yes","yes","first",0,300,"Alone",5,"Yes",175,"Walk",3,20,"I don't currently work","wechat","M",8,"12:00:00",6,2,1,"Omnivorous",8,8,"k","yes","No",1,"macos","Medium-well done","Right","DATA2002",10,0,"Always","Yes",8,"First year","Crayon Shin-chan",2,3,"china",70,10.5,20,3,70,"Pop",9.5
"2025-08-25 15:26:23.241","hd","schedule","semester",20,"yes","yes","last",0,200,"Share house",5,"Yes",185,"Walk",2,42,"I don't currently work","ins","M",8,"01:00:00",8,0,1,"Vegetarian",5,7,"r","yes","Yes",1,"windows","I don't eat beef","Right","DATA2002",1,2,"Usually","Yes",6,"Second year","Totoro",2,2,"china",72,12,200,2,65,"Classical, Pop, Country, Video game theme music",45
"2025-08-25 15:31:07.440","d","schedule","semester",30,"yes","yes","first",0,200,"With partner",5,"Yes",151,"Bus",1,24,"Casual","insta","M",6,"23:00:00",7,2,0,"Omnivorous",10,7,"j","yes","Yes",1.5,"windows","Well done","Ambidextrous","DATA2002",15,15,"Always","Yes",7,"Second year","Dragon Ball Z",3,3,"america",80,12,4,6,60,"Classical, Pop, Rnb/hiphop, Country",11
"2025-08-25 15:31:55.620","d","schedule","semester",21,"yes","no","first",0,300,"With parent(s) and/or sibling(s)",5,"No",188,"Car",5,30,"Part time","instagram","M",8,"23:45:00",7,2,1,"Halal",10,1,"a","yes","No",2,"macos","Medium-rare","Right","DATA2002",18,28,"Always","No",9,"Third year",NA,2,2,"lebanon",80,13,NA,2,35,"Pop, Rnb/hiphop",12
"2025-08-25 15:37:52.070","p","schedule","semester",23,"yes","yes","last",0,400,"With partner",5,"Yes",176,"Walk",6,12,"Part time","wechat","M",7,"02:00:00",7,1,0,"Omnivorous",9,9,"o","yes","No",2,"macos","Medium","Right","DATA2002",5,3,"Always","Yes",7,"Second year",NA,1,2,"china",76,9,100,1.5,60,"Nothing",42
"2025-08-25 15:37:54.746","hd","immediately","semester",21,"yes","yes","last",0,200,"Share house",5,"No",170,"Bus, Walk",2,12,"I don't currently work","bilibili","M",7,"11:00:00",8,0,2,"Omnivorous",5,5,"e","yes","No",0,"windows","Medium","Right","DATA2002",3,0,"Usually","Yes",6,"Second year","Evangelion",2,2,"china",76,9,30,2,50,"Pop, Country, Video game theme music",42
"2025-08-25 15:38:01.411","hd","immediately","semester",19,"yes","yes","middle",0,200,"Alone",5,"No",158,"Walk",2,10,"I don't currently work","bilibili","F",8,"12:00:00",5,0,0,"Omnivorous",6,6,"y","yes","No",10,"macos","Well done","Right","DATA2002",7,0,"Always","Yes",4,"Second year",NA,2,2,"china",85,4,700,1,50,"Pop, Rnb/hiphop, Video game theme music",37
"2025-08-25 15:39:14.450","p","schedule","semester",21,"yes","yes","last",2,249,"With partner",5,"Yes",176,"Bus",4,10,"Part time","telegram","M",8,"01:00:00",4,0,5,"Omnivorous",7,8,"s","yes","Yes",4,"windows","Medium-well done","Right","DATA2002",3,6,"Always","Yes",6,"Second year","Tokyo Ghoul",3,3,"china",60,9,NA,0.8,35,"Nothing",42
"2025-08-25 15:43:04.130","p","schedule","semester",20,"yes","yes","last",0,500,"Alone",5,"Yes",180,"Walk",7,10,"I don't currently work","tiktok","M",10,"01:00:00",2,3,2,"Omnivorous",6,6,"c","yes","No",5,"macos","Medium","Right","DATA2002",6,0,"Always","Yes",3,"Second year","pokemon",1,3,"china",76,9,20,2,70,"Classical, Pop, Rnb/hiphop, Country, Lofi beats",8
"2025-08-25 15:50:02.927","d","schedule","semester",20,"yes","no","first",3,20,"With parent(s) and/or sibling(s)",5,"Yes",173,"Bus, Train",5,14,"I don't currently work","instagram","M",6.5,"00:30:00",5,1,0,"Omnivorous",6,6,"n","yes","No",2,"windows","Well done","Right","DATA2002",14,0,"Always","Yes",10,"Second year","Akame Ga Kill",3,4,"suva",65,11,25,3,40,"Sad depressing music",10
"2025-08-25 16:31:02.380","hd","cram","semester",19,"no","no","last",2,40,"With parent(s) and/or sibling(s)",5,"No",150,"Car, Train, Walk",5,3,"Part time","instagram","M",6,"03:00:00",4,2,0,"Omnivorous",3,3,"n","yes","Yes",5,"windows","Medium-well done","Right","DATA2002",3,30,"Always","Yes",9,"Second year","Pokemon",1,2,"australia",87,8,1,2,30,"Pop, Video game theme music, Folk",7
"2025-08-25 16:48:11.881","hd","schedule","semester",20,"yes","yes","last",4,50,"Alone",5,"Yes",178,"Bus, Train",4,30,"I don't currently work","instagram","M",6,"01:00:00",9,2,0,"Omnivorous",10,6,"r","yes","Yes",NA,"linux","Well done","Right","DATA2002",3,0,"Usually","No",8,"Second year","haiku",1,3,"mongolia",80,10,20,1,50,"Classical, Pop, Rnb/hiphop",9
"2025-08-25 16:55:05.878","c","schedule","semester",21,"no","yes","last",2,50,"With parent(s) and/or sibling(s)",5,"Yes",151,"Train",9,6,"Casual","pinterest","F",8,"10:30:00",8,1,3,"Omnivorous",7,7,"m","yes","Yes",0,"windows","Medium-rare","Right","DATA2002",4,5,"Usually","Yes",5,"Fourth year","attack on titan",2,1,"australia",76,8,15,1,70,"Classical, Video game theme music, Lofi beats",7
"2025-08-25 17:08:25.769","hd","schedule","semester",20,"yes","yes","last",2,60,"College or student accomodation",5,"No",161,"Walk",6,10,"I don't currently work","instagram","M",7,"04:00:00",4,0,0,"Vegetarian",3,3,"a","no","No",2,"macos","I don't eat beef","Right","DATA2002",7,0,"Usually","Yes",9,"Third year","Oregairu",3,3,"99.0",NA,13,30,5,40,"Pop, Country, Lofi beats",12
"2025-08-25 17:10:18.249","hd","schedule","semester",24,"yes","yes","last",1,300,"Share house",5,"No",168,"Bus, Train, Walk",6,20,"Full time","ins","F",8,"12:00:00",8,0,0,"Omnivorous",6,6,"v","no","No",1,"macos","Rare","Left","DATA2002",10,0,"Sometimes","Yes",5,"Second year","Mygo!!!!!",2,2,"china",70,7,40,2,60,"Classical, Pop, Video game theme music",6
"2025-08-25 17:13:29.895","d","cram","semester",19,"yes","no","last",3,250,"Alone",20,"Yes",183,"Car",2,2,"Casual","instagram","M",4,"02:00:00",2,0,0,"Omnivorous",3,8,"x","yes","No",3,"macos","Blue","Right","DATA2002",5,23,"Always","Yes",8,"Second year","ghost stories dub",3,4,"australia",66.4,11.5,2,1,65,"Classical, Pop, Rnb/hiphop, DSBM, Goth, New Wave",10.5
"2025-08-25 17:18:01.453","d","schedule","semester",25,"yes","yes","last",0,500,"Alone",5,"Yes",171,"Walk",8,7,"I don't currently work","wechat","M",8,"03:30:00",5,1,0,"Omnivorous",5,5,"l","yes","Yes",2,"windows","Medium-well done","Right","DATA2002",2,0,"Always","Yes",3,"Third year","One Piece",1,2,"china",65,9,1,1,50,"Nothing",42
"2025-08-25 17:37:48.153","hd","schedule","semester",20,"yes","yes","last",0,30,"With partner",5,"Yes",183,"Bus, Walk",6,30,"I don't currently work","bilibili","M",8,"01:30:00",5,0,2,"Omnivorous",6,6,"s","yes","Yes",2,"windows","Medium","Ambidextrous","DATA2002",3,0,"Always","Yes",7,"Second year","楓と鈴",2,2,"china",NA,10.5,40,3,70,"Classical, Pop, Video game theme music",43.5
"2025-08-25 18:04:52.687","hd","cram","semester",19,"yes","yes","last",0,100,"Share house",5,"Yes",173,"Walk",7,28,"I don't currently work","wechat","F",7,"12:00:00",4,0,0,"Omnivorous",6,6,"z","yes","No",2,"windows","Medium-well done","Right","DATA2002",4,0,"Always","Yes",5,"Second year",NA,3,3,"china",76,9,8,0.8,45,"Pop, Rnb/hiphop, Video game theme music",8
"","d","cram","semester",20,"yes","yes","first",0,100,"Share house",5,"Yes",165,"Bus",8,20,"Part time","tik tok","F",6,"01:00:00",6,0,1,"Omnivorous",6,6,"n","no","No",2,"windows","Medium-rare","Left","DATA2002",0,0,"Sometimes","No",5,"Second year",NA,2,2,"vietnam",88,6,3,1,20,"Pop, Rnb/hiphop, Vietnamese remix",39
"2025-08-25 18:37:38.112","c","cram","semester",19,"yes","yes","last",0,320,"Share house",5,"Yes",178,"Bike, Walk",8,24,"Casual","qq","M",8,"02:00:00",3,2,3,"Omnivorous",3,7,"e","no","Yes",NA,"windows","Medium","Right","DATA2002",7,0.5,"Usually","Yes",8,"First year","Initial D",2,2,"china",NA,10,NA,3,60,"Pop, Rnb/hiphop, Video game theme music, Rock, punk",43
"2025-08-25 19:37:41.230","hd","schedule","semester",21,"no","yes","first",0,1000,"With partner",5,"Yes",180,"Bus, Car, Uber",3,0,"I don't currently work","douyin","M",10,"00:15:00",3,2,2,"Omnivorous",8,8,"w","no","Yes",1,"macos","Medium-rare","Right","DATA2002",0.2,0,"Usually","Yes",5,"Third year",NA,2,2,"china",68,10,200,1.5,18,"Nothing",43
"2025-08-25 19:43:34.522","c","immediately","semester",20,"yes","yes","last",0,700,"With parent(s) and/or sibling(s)",5,"Yes",173,"Train",4,15,"I don't currently work","wechat","M",8,"01:00:00",4,1,0,"Omnivorous",7,7,"a","yes","Yes",3.5,"macos","Medium-well done","Left","DATA2002",5,0,"Usually","Yes",7,"Second year",NA,2,NA,"china",63.5,12,100,1,60,"Classical, Rnb/hiphop",11
"2025-08-25 20:23:29.622","d","immediately","semester",21,"yes","yes","middle",1,200,"Alone",5,"Yes",165,"Walk",6,30,"I don't currently work","wechat","F",8,"23:00:00",8,1,0,"Omnivorous",6,6,"y","yes","No",2,"macos","Medium-well done","Right","DATA2002",10,0,"Always","Yes",4,"Third year",NA,2,2,"china",80,5,20,NA,30,"Nothing",38
"2025-08-25 21:28:19.960","hd","schedule","semester",20,"yes","yes","first",1,170,"Share house",5,"Yes",170,"Bus, Walk",4,31,"I don't currently work","discord","M",7,"23:40:00",9,3,1,"Omnivorous",5,8,"r","yes","No",3.5,"windows","Medium","Right","DATA2902",4,0,"Always","Yes",7,"Third year","Sakurasou",2,2,"indonesia",81.5,8,NA,NA,55,"Pop, Rock",41
"2025-08-25 21:45:58.722","hd","immediately","semester",28,"yes","yes","middle",0,2000,"College or student accomodation",10,"Yes",170,"Bus, Car",6,40,"Casual","instagram","M",7,"10:50:00",6,1,0,"Vegan",8,7,"y","yes","No",0,"macos","Medium-rare","Right","DATA2902",6,7,"Sometimes","Yes",8,"Second year","Spy x Family",5,5,"vietnam",80,11,20,5,NA,"Pop",44
"2025-08-26 01:43:32.594","d","schedule","semester",21,"yes","yes","last",2,200,"Share house",5,"Yes",171,"Bus, Walk",6,20,"Casual","instagram","F",6,"01:00:00",4,1,0,"Omnivorous",9,6,"s","yes","No",3,"macos","Medium","Right","DATA2002",1,10,"Always","Yes",9,"Second year","gintama",2,3,"china",81,8,20,1.5,40,"Rnb/hiphop, Video game theme music",7
"2025-08-26 06:14:29.528","p","cram","semester",21,"yes","no","last",0,800,"Share house",15,"Yes",183,"Walk",3,7,"I don't currently work","wechat","M",8,"08:00:00",1,1,0,"Omnivorous",1,6,"y","no","No",3,"windows","Well done","Right","DATA2002",4,0,"Usually","Yes",1,"Second year",NA,1,2,"china",63,10.5,50,2,65,"Pop",43.5
"2025-08-26 07:50:39.928","hd","schedule","semester",21,"yes","yes","middle",0,100,"Share house",5,"No",172,"Walk",3,18,"I don't currently work","tiktok","F",8,"01:30:00",3,1,0,"Omnivorous",8,8,"j","no","Yes",6,"macos","Medium-well done","Right","DATA2002",8,0,"Always","Yes",5,"Third year","Violet Evergarden",2,2,"china",73,9,NA,1,35,"Pop",8
"2025-08-26 08:18:48.481","d","schedule","semester",19,"yes","yes","middle",0,300,"College or student accomodation",5,"No",175,"Bus",10,40,"I don't currently work","wechat","M",8,"12:00:00",10,2,0,"Omnivorous",7,7,"a","yes","No",2,"macos","Medium-well done","Right","DATA2002",7,0,"Always","Yes",5,"Second year","杀戮天使",3,3,"china",75,NA,30,2,NA,"Pop",54
"2025-08-26 08:32:35.684","c","schedule","semester",20,"yes","yes","last",0,150,"Alone",5,"No",175,"Bus, Walk",4,10,"I don't currently work","instagram","M",8,"03:00:00",1,2,0,"Omnivorous",7,7,"e","yes","No",4,"windows","Medium","Right","DATA2002",4,0,"Usually","Yes",6,"Third year",NA,4,3,"indonesia",73.3,8,12,1.5,20,"Rock",41
"2025-08-26 09:15:47.240","c","cram","trimester",20,"yes","yes","middle",1,400,"College or student accomodation",5,"No",164,"Walk",3,8,"Casual","youtube","F",8,"11:30:00",5,0,0,"Pescatarian",6,4,"a","no","No",10,"windows","Medium-rare","Right","DATA2002",3,1,"Sometimes","No",7,"First year",NA,2,2,"china",66,4,10,20,35,"Country",37
"2025-08-26 09:16:50.252","c","schedule","trimester",20,"no","yes","last",1,500,"Alone",5,"Yes",165,"Bus",8,10,"Casual","ins","F",10,"04:00:00",4,1,1,"Omnivorous",9,7,"h","yes","No",5,"macos","Well done","Right","DATA2002",3,0,"Usually","Yes",4,"Second year",NA,1,2,"china",65,4,5,0.8,100,"Pop",37
"2025-08-26 09:31:10.489",NA,"cram","semester",22,"yes","yes","first",0,100,"Share house",5,"Yes",181,"Train",2,16,"I don't currently work","instagram","M",8.5,"23:00:00",1,0,1,"Omnivorous",6,6,"c","no","No",2,"windows","Well done","Right","DATA2002",1,0,"Always","Yes",1,"Second year",NA,1,2,"china",59.3,9,10,1,60,"Nothing",42
"2025-08-26 09:49:25.716","c","schedule","semester",23,"no","yes","middle",0,410,"Alone",5,"Yes",164,"Walk",6,21,"Contractor","none","M",6,"22:10:00",1,3,1,"Pescatarian",6,7,"b","no","No",1,"windows","Medium-rare","Right","DATA2002",6,12,"Usually","Yes",8,"Fourth year",NA,2,2,"china",68,4,19,1.6,60,"Classical, Video game theme music",37
"2025-08-26 11:47:46.842","d","schedule","semester",19,"yes","no","last",8,20,"With parent(s) and/or sibling(s)",5,"Yes",179,"Bus, Train, Walk",1,2,"Full time","chat gpt (i text it the most)","M",5,"04:00:00",6,2,0,"Omnivorous",6,7,"a","yes","Yes",0,"windows","Well done","Right","DATA2002",12,40,"Always","No",7,"Second year","Dragon Ball",3,4,"australia",76.95,13,1000,2,49,"Nothing",12
"2025-08-26 11:57:37.428","hd","immediately","semester",19,"yes","yes","last",0,70,"Alone",5,"No",176,"Bus, Walk",4,10,"I don't currently work","twitter","M",6,"23:00:00",8,2,0,"Omnivorous",8,5,"m","yes","No",4,"windows","Medium","Right","DATA2002",6,0,"Usually","Yes",6,"Second year","blue period",2,3,"indonesia",76,10,20,4,40,"Pop, Video game theme music, Lofi beats, jazz",43
"2025-08-26 12:13:47.981","hd","schedule","semester",20,"yes","no","last",2,500,"With parent(s) and/or sibling(s)",5,"No",171,"Bus, Walk",3,20,"Part time","instagram","M",6,"01:00:00",6,2,0,"Omnivorous",8,7,"s","yes","Yes",1.5,"macos","Medium-rare","Right","DATA2002",5,14,"Usually","Yes",8,"Third year","jujutsu kaisen",2,3,"indonesia",80,9,8,5,55,"Pop, Rnb/hiphop",42
"2025-08-26 12:15:56.369","hd","immediately","semester",19,"yes","yes","first",2,65,"College or student accomodation",5,"Yes",170,"Walk",3,10,"Casual","instagram","M",7,"00:30:00",7,1,0,"Omnivorous",4,3,"a","yes","Yes",0.5,"windows","Medium","Right","DATA2002",1,25,"Always","No",8,"Second year",NA,2,1,"vietnam",81.5,10.5,10,1.5,35,"Nothing",9.5
"2025-08-26 12:19:20.044","c","cram","semester",19,"no","no","last",0,80,"With parent(s) and/or sibling(s)",5,"Yes",176,"Train, Walk",3,4,"Casual","insta","M",8,"02:00:00",4,1,1,"Omnivorous",6,5,"n","yes","No",4,"windows","I don't eat steak","Right","DATA2002",0,14,"Always","Yes",3,"Second year",NA,3,2,"taiwan",80,11,3,1,35,"Pop, Rnb/hiphop,",10
"2025-08-26 12:20:37.947","hd","schedule","semester",20,"no","yes","last",0,120,"Share house",5,"No",160,"Bus",3,25,"Part time","xiao hong shu","F",8,"01:00:00",3,1,1,"Omnivorous",5,7,"x","yes","No",2,"macos","Medium","Right","DATA2002",5,20,"Always","Yes",8,"Second year",NA,2,3,"china",72,2,300,1,70,"Nothing",35
"2025-08-26 12:21:23.662","d","immediately","semester",19,"no","no","first",0,50,"With parent(s) and/or sibling(s)",5,"Yes",178,"Bus, Train, Walk",5,9,"I don't currently work","youtube","M",7,"01:00:00",8,1,0,"Omnivorous",3,6,"l","no","No",0.5,"macos","Medium-rare","Right","DATA2002",7.7,0,"Always","Yes",8,"First year",NA,2,2,"japan",NA,10,12,2,60,"Pop, Rnb/hiphop, Rock",9
"2025-08-26 13:10:52.164","d","cram","semester",20,"yes","no","middle",4,150,"With parent(s) and/or sibling(s)",5,"Yes",178,"Car, Train",3,15,"Part time","instagram","M",7,"11:30:00",6,2,0,"Omnivorous",6,10,"s","yes","No",2,"macos","Medium","Left","DATA2002",10,15,"Usually","Yes",8,"Third year","Frieren",2,1,"nepal",70,12,10,3,35,"Pop, Rnb/hiphop, Lofi beats",11
"2025-08-26 13:27:54.104","d","schedule","semester",20,"no","no","last",3,30,"With parent(s) and/or sibling(s)",5,"No",176,"Bus, Train",6,6,"Self employed","youtube","F",5,"02:00:00",6,0,0,"Omnivorous",8,7,"q","yes","No",5,"macos","Medium-well done","Right","DATA2902",0,2,"Usually","Yes",8,"Third year","Haikyuu!!",2,2,"bangladesh",76.3,12,100,1,50,"Pop, Rnb/hiphop, Nothing",11
"2025-08-26 14:29:30.312","c","schedule","semester",21,"yes","yes","last",5,300,"Alone",5,"No",155,"Bus, Train, Walk",10,30,"I don't currently work","tiktok","F",5,"03:25:00",6,0,0,"Omnivorous",6,6,"o","yes","No",20,"macos","Medium-well done","Right","DATA2002",2,0,"Always","Yes",5,"Second year",NA,2,3,"china",63,3,20,1.5,70,"Classical, Pop, Lofi beats",36
"2025-08-26 15:01:58.677","d","cram","semester",21,"yes","yes","last",1,400,"Alone",5,"No",192,"Train",2,8,"I don't currently work","wechat","M",8,"01:00:00",4,0,0,"Omnivorous",4,7,"m","yes","No",4,"macos","Medium-rare","Right","DATA2002",0,0,"Usually","Yes",2,"Second year","spy family",2,2,"china",70,11,10,0.5,80,"Pop",44
"2025-08-26 15:04:49.807","d","schedule","semester",21,"yes","yes","last",0,50,"Share house",5,"Yes",172,"Bus, Walk",3,40,"I don't currently work","rednote","F",7,"23:59:00",6,1,0,"Omnivorous",8,8,"h","yes","Yes",2,"macos","Medium","Right","DATA2002",5,0,"Usually","Yes",7,"Second year",NA,2,2,"china",68,6,9,1.5,65,"Classical, Pop, Rnb/hiphop",39
"2025-08-26 17:02:25.863","c","schedule","semester",20,"yes","yes","last",0,350,"Share house",5,"Yes",163,"Bus, Car, Walk",5,10,"I don't currently work","wechat","F",8,"02:00:00",6,1,1,"Omnivorous",6,6,"s","no","No",2,"macos","Medium-well done","Right","DATA2002",2,0,"Always","Yes",7,"Second year","Crayon Shin-chan",2,3,"china",59,4.5,NA,1,60,"Classical, Pop, Video game theme music",37.5
"2025-08-26 17:31:13.209","hd","cram","semester",22,"yes","no","last",4,100,"With parent(s) and/or sibling(s)",5,"No",185,"Bus, Car, Train",2,20,"I don't currently work","threads","M",8,"01:00:00",3,3,0,"Omnivorous",6,3,"e","yes","No",2,"windows","Medium-rare","Right","DATA2002",3,0,"Usually","Yes",8,"First year",NA,1,2,"australia",79,12,25,1,50,"Nothing",11
"2025-08-26 18:34:44.112","d","schedule","semester",18,"no","yes","middle",1,100,"College or student accomodation",5,"Yes",178,"Walk",4,12,"I don't currently work","tiktok","F",8,"12:00:00",6,0,0,"Omnivorous",7,7,"r","no","No",5,"macos","Well done","Right","DATA2002",5,0,"Always","Yes",3,"Second year",NA,1,2,"china",65,6,10,2,30,"Pop",39
"2025-08-26 18:40:23.872","d","schedule","trimester",18,"yes","yes","last",0,100,"College or student accomodation",5,"No",180,"Train",7,12,"Casual","discord","M",7,"02:00:00",3,2,0,"Pescatarian",3,10,"n","no","Yes",2,"windows","Medium","Right","DATA2002",0,15,"Usually","Yes",6,"Second year","attack on titan",2,2,"vietnam",65,9,NA,0.5,40,"Pop",42
"2025-08-26 22:48:38.732","d","cram","semester",24,"yes","yes","middle",0,150,"Share house",5,"Yes",178,"Bus, Train",8,12,"Casual","tiktok","M",7,"00:30:00",4,0,0,"Omnivorous",7,7,"x","yes","No",2,"macos","Medium","Right","DATA2002",1,0,"Usually","Yes",5,"Third year",NA,2,2,"china",50,8,50,NA,50,"Pop, Rnb/hiphop, Country",7
"2025-08-26 22:59:57.864","d","cram","semester",21,"yes","yes","middle",0,300,"College or student accomodation",5,"Yes",170,"Walk",6,3,"Casual","tiktok","M",6,"01:00:00",5,0,2,"Omnivorous",6,10,"b","no","No",2,"macos","Medium-rare","Right","DATA2002",8,12,"Usually","Yes",8,"Third year","Perfect Blue",2,2,"canada",80,10,6,2,50,"Pop, Rnb/hiphop",9
"2025-08-26 23:40:08.175","hd","schedule","semester",21,"no","yes","last",0,400,"Share house",5,"Yes",165,"Bus, Train",8,10,"I don't currently work","youtube","M",8,"12:00:00",8,1,0,"Omnivorous",7,7,"f","yes","No",0,"windows","Medium-rare","Right","DATA2002",7,0,"Always","No",7,"Fourth year","Cyberpunk Edgerunners",2,2,"vietnam",77.96,7,30,1.5,30,"Classical, Pop, Video game theme music",40
"2025-08-26 23:45:53.344","hd","schedule","semester",21,"yes","no","last",0,500,"Alone",5,"No",156,"Bus, Train",8,36,"I don't currently work","youtube, facebook","F",7,"23:59:00",8,2,0,"Vegetarian",1,1,"m","no","Yes",2,"macos","Medium","Right","DATA2002",3,0,"Always","No",8,"Third year","Attack on Titan",2,2,"vietnam",74.3,4,3,1.2,26,"Pop, Nothing",37
"2025-08-27 08:59:56.952","hd","schedule","semester",19,"yes","no","first",2,70,"With parent(s) and/or sibling(s)",5,"Yes",173,"Bus, Walk",4,20,"Casual","instagram","M",7,"00:30:00",4,1,0,"Vegetarian",2,8,"l","yes","No",3,"macos","Medium-rare","Right","DATA2902",7,9,"Usually","Yes",7,"Second year","haikyuu",2,3,"australia",81,10,10,1.5,50,"Pop, Rnb/hiphop, Video game theme music, Lofi beats",43
"2025-08-27 09:07:09.816","hd","schedule","semester",20,"yes","yes","first",0,100,"Alone",5,"No",163,"Walk",6,6,"Casual","ins","F",6,"12:00:00",3,1,3,"Omnivorous",8,8,"u","yes","Yes",4,"windows","Medium-rare","Right","DATA2002",6,30,"Always","Yes",8,"First year",NA,3,3,"china",92,6,3,1,30,"Pop",39
"2025-08-27 09:17:45.467","hd","schedule","semester",21,"yes","no","last",4,80,"With parent(s) and/or sibling(s)",10,"Yes",180,"Bus, Train",7,20,"Casual","tiktok","F",7.5,"11:30:00",5,2,0,"Omnivorous",7,7,"b","yes","No",3,"macos","Medium-rare","Left","DATA2002",5,20,"Usually","Yes",8,"Fourth year",NA,1,1,"australia",80.07,10,35,2,30,"Classical, Movie scores",9
"2025-08-27 10:40:19.302","hd","immediately","semester",20,"yes","no","last",0,400,"Alone",5,"Yes",163,"Train",2,20,"I don't currently work","wechat","F",7,"01:00:00",8,1,0,"Omnivorous",7,7,"a","yes","No",0,"macos","Medium-rare","Right","DATA2002",5,0,"Always","Yes",8,"Second year",NA,2,2,"china",84.5,4,30,0.5,65,"Nothing",37
"2025-08-27 10:57:11.975","c","schedule","semester",21,"yes","yes","first",2,300,"Share house",5,"Yes",188,"Bus",5,25,"I don't currently work","tictok","M",7,"12:43:00",8,0,0,"Omnivorous",8,6,"m","yes","Yes",2,"macos","Medium-well done","Right","DATA2002",1,5,"Always","Yes",7,"Third year",NA,2,2,"china",65,12,20,2,60,"Pop, Rnb/hiphop",45
"2025-08-27 11:02:13.395","d","schedule","semester",19,"yes","no","first",3,100,"With parent(s) and/or sibling(s)",5,"Yes",174,"Train, Walk",4,15,"Part time","youtube","M",6,"01:00:00",6,1,1,"Omnivorous",7,7,"b","yes","No",1,"windows","Medium-rare","Right","DATA2002",16,15,"Always","Yes",7,"Second year","Atrack on titan",2,1,"australia",67,10,20,1,45,"Classical, Pop, Video game theme music, Lofi beats",9
"2025-08-27 11:26:08.556","hd","schedule","semester",22,"yes","yes","last",0,427,"Share house",10,"Yes",160,"Bus, Walk",1,42,"I don't currently work","instagram","F",8,"23:00:00",5,2,1,"Omnivorous",7,2,"t","yes","No",0.1,"macos","Medium-rare","Right","DATA2002",6,0,"Always","Yes",10,"Third year",NA,2,3,"tokyo",73,NA,28,0.5,85,"Classical, Pop, Rnb/hiphop, Lofi beats, indie",25.5
"2025-08-27 11:29:05.194","hd","immediately","trimester",21,"yes","yes","first",1,120,"With partner",5,"No",175,"Train, Walk",7,7,"I don't currently work","wechat","M",8,"01:30:00",5,0,0,"Omnivorous",8,8,"s","yes","Yes",3,"macos","Medium-well done","Right","DATA2002",4,0,"Usually","Yes",8,"Second year","Doraemon",2,2,"china",72,8,2,1.2,35,"Pop, Country",7
"2025-08-27 11:42:34.895","hd","schedule","semester",19,"yes","yes","first",17,100,"Share house",5,"No",194,"Train",7,20,"Casual","tik tok","M",7,"23:30:00",6,1,0,"Omnivorous",5,8,"q","yes","Yes",4,"windows","Medium-rare","Left","DATA2902",8,20,"Always","Yes",9,"Second year",NA,1,2,"australia",80,13,12,2,29,"Video game theme music, Movie theme",12
"2025-08-27 13:55:33.781","hd","immediately","semester",19,"yes","no","first",6,100,"With parent(s) and/or sibling(s)",5,"No",170,"Train",4,10,"Casual","youtube","M",7,"02:00:00",4,2,0,"Omnivorous",3,8,"o","yes","No",2,"windows","Medium-rare","Left","DATA2902",7,2,"Always","Yes",8,"First year",NA,2,1,"australia",82.25,11,15,1.5,25,"Nothing",10
"2025-08-27 14:00:20.053","d","immediately","semester",21,"yes","yes","middle",0,350,"Alone",5,"Yes",186,"Walk",4,12,"I don't currently work","wechat","M",8,"02:30:00",4,0,2,"Omnivorous",7,9,"w","no","No",3,"windows","Medium","Right","DATA2002",4,0,"Always","Yes",4,"Second year","Sword Art Online",2,2,"china",NA,9,67,1.5,35,"Pop, Video game theme music, Lofi beats",42
"2025-08-27 16:07:58.240","hd","schedule","semester",18,"no","yes","middle",1,400,"Alone",5,"Yes",153,"Train",8,8,"I don't currently work","ig","F",10,"23:00:00",3,1,12,"Omnivorous",9,8,"a","no","No",1,"macos","Medium","Right","DATA2902",2,0,"Usually","No",4,"Second year","The disastrous life of Saiki K..?",2,2,"china",75,8,20,1.08333333333333,70,"Classical, Pop, Rnb/hiphop",7
